COD_UF;COD_MUNICIPIO;COD_DISTRITO;SITUACAO;NOM_TIPO_SEGLOGR;NOM_TITULO_SEGLOGR;NOM_SEGLOGR;DSC_MODIFICADOR;LONGITUDE;ALTITUDE;DSC_LOCALIDADE;COD_ESPECIE;CEP;;;;
31;9006;15;2;ESTRADA;;DO MATO DENTRO;SN;-4.424.302.163.888.880;806.0;CONCEICAO DE ITAGUA;3;35460000;;;;
31;9006;15;2;ESTRADA;;DO MATO DENTRO;SN;-4.424.307.833.333.330;763.0;CONCEICAO DE ITAGUA;3;35460000;;;;
31;9006;15;2;ESTRADA;;DO MATO DENTRO;;-4.424.574.663.888.880;764.0;CONCEICAO DE ITAGUA;3;35460000;;;;
31;9006;15;2;ESTRADA;;DO MATO DENTRO;SN;-44.245.428.305.555.500;843.0;QUINTAS DO RIO MANSO;3;35460000;;;;
31;9006;15;2;ESTRADA;;DO MATO DENTRO;SN;-4.423.818.330.555.550;811.0;CONCEICAO DE ITAGUA;3;35460000;;;;
31;9006;15;2;ESTRADA;;DO MATO DENTRO;SN;-44.235.153.333.333.300;835.0;CONCEICAO DE ITAGUA;3;35460000;;;;
31;9006;15;2;ESTRADA;;DO MATO DENTRO;SN;-44.237.363.333.333.300;761.0;CONCEICAO DE ITAGUA;3;35460000;;;;
31;9006;15;2;ALAMEDA;;DO BOSQUE;SN;-4.424.944.497.222.220;809.0;CONCEICAO DE ITAGUA;3;35460000;;;;
31;9006;15;2;RUA;;JOSE NUNES DE CARVALHO;SN;-4.425.646.163.888.880;780.0;CONCEICAO DE ITAGUA;3;35460000;;;;
31;9006;15;2;RUA;;QUATRO;SN;-4.424.547.330.555.550;753.0;BAIRRO RETIRO DO BRUMADO;3;35460000;;;;
31;9006;20;2;ESTRADA;;PARA FAZENDA MAE DAGUA;SN;-44.002.335;;CORREGO FERREIRA;3;35460000;;;;
31;9006;20;2;ESTRADA;;PIEDADE A MARQUES;SN;-44.033.681.638.888.800;;PIEDADE DO PARAOPEBA;3;35460000;;;;
31;9006;20;2;ESTRADA;;PIEDADE A MARQUES;SN;-4.403.754.830.555.550;;PIEDADE DO PARAOPEBA;3;35460000;;;;
31;9006;20;2;ESTRADA;;PIEDADE A MARQUES;SN;-44.035.156.666.666.600;861.0;PIEDADE DO PARAOPEBA;3;35460000;;;;
31;9006;20;2;ESTRADA;;QUINTILIANO;SN;-44.028.105;810.0;QUINTILIANO;3;35460000;;;;
31;9006;5;2;ESTRADA;;PONTE DAS ALMORREMAS;SN;-4.418.528.499.999.990;829.0;BRUMADINHO;3;35460000;;;;
31;9006;5;2;ESTRADA;;DO PIRES;SN;-44.177.618.305.555.500;731.0;BRUMADINHO;3;35460000;;;;
31;9006;15;2;RUA;;ITAGUA;SN;-4.422.246.663.888.880;767.0;BRUMADINHO;3;35460000;;;;
31;9006;20;1;ESTRADA;;DE TERRA;SN;-4.399.275.497.222.220;;SUZANA;3;35460000;;;;
31;9006;20;1;ESTRADA;;DE TERRA;SN;-439.971;908.0;SUZANA;3;35460000;;;;
31;9006;20;1;ESTRADA;;SEM NOME DE TERRA;SN;-4.401.560.333.333.330;;PIEDADE PARAOPEBA;3;35460000;;;;
31;9006;20;1;ESTRADA;;SEM NOME DE TERRA;SN;-4.399.639.833.333.330;;CARNEIROS;3;35460000;;;;
31;9006;20;1;ESTRADA;;PRA CARNEIROS;SN;-44.002.409.972.222.200;;CARNEIROS;3;35460000;;;;
31;9006;20;1;ESTRADA;;PRA CARNEIROS;SN;-4.400.030.663.888.880;;CARNEIROS;3;35460000;;;;
31;9006;5;2;RUA;;B;;-4.421.483.663.888.880;747.0;AGUAS CLARAS;3;35460000;;;;
31;9006;25;1;RUA;DONA;RITA FONSECA DE MOURA;SN;-44.100.924.972.222.200;793.0;CORONEL EURICO;3;35460000;;;;
31;9006;5;2;RUA;;DOIS;;-4.412.204.497.222.220;804.0;TOCA DE CIMA;3;35460000;;;;
31;9006;5;2;COMUNIDADE;;EIXO QUEBRADO;SN;-4.419.108.330.555.550;835.0;EIXO QUEBRADO;3;35460000;;;;
31;9006;5;2;COMUNIDADE;;EIXO QUEBRADO;SN;-44.197.631.638.888.800;857.0;EIXO QUEBRADO;3;35460000;;;;
31;9006;5;2;CONDOMINIO;;DO DANTE;SN;-44.155.098.333.333.300;778.0;PONTE DAS ALMORREIMAS;3;35460000;;;;
31;9006;5;2;ESTRADA;;BONFIM;;-4.418.053.497.222.220;808.0;GUARIBAS;3;35460000;;;;
31;9006;5;2;ESTRADA;;BONFIM;SN;-44.200.795;905.0;EIXO QUEBRADO;3;35460000;;;;
31;9006;5;2;ESTRADA;;CAJU A ALMORREIMAS;SN;-4.417.896.497.222.220;794.0;PONTE DAS ALMORREIMAS;3;35460000;;;;
31;9006;5;2;ESTRADA;;CAJU A ALMORREIMAS;SN;-44.167.775;793.0;CAJU;3;35460000;;;;
31;9006;5;2;ESTRADA;;CAJU A ALMORREIMAS;SN;-4.417.928.330.555.550;789.0;PONTE DAS ALMORREIMAS;3;35460000;;;;
31;9006;5;2;ESTRADA;;CAJU A ALMORREIMAS;SN;-4.417.630.997.222.220;851.0;CAJU;3;35460000;;;;
31;9006;5;2;ESTRADA;;EIXO QUEBRADO;SN;-4.419.375.333.333.330;824.0;EIXO QUEBRADO;3;35460000;;;;
31;9006;5;2;ESTRADA;;EIXO QUEBRADO;SN;-44.180.146.638.888.800;969.0;EIXO QUEBRADO;3;35460000;;;;
31;9006;5;2;ESTRADA;;PONTE DAS ALMORREIMAS;SN;-4.417.301.830.555.550;758.0;PONTE DAS ALMORREIMAS;3;35460000;;;;
31;9006;5;2;ESTRADA;;PONTE DAS ALMORREIMAS;SN;-44.170.716.638.888.800;765.0;PONTE DAS ALMORREIMAS;3;35460000;;;;
31;9006;5;2;ESTRADA;;PONTE DAS ALMORREIMAS;SN;-4.416.909.666.666.660;843.0;PONTE DAS ALMORREIMAS;3;35460000;;;;
31;9006;5;2;ESTRADA;;PONTE DAS ALMORREIMAS;SN;-4.416.923.330.555.550;789.0;PONTE DAS ALMORREIMAS;3;35460000;;;;
31;9006;5;2;ESTRADA;;PONTE DAS ALMORREIMAS;SN;-4.415.312.163.888.880;752.0;PONTE DAS ALMORREIMAS;3;35460000;;;;
31;9006;5;2;ESTRADA;;PONTE DAS ALMORREIMAS;SN;-4.417.104.330.555.550;775.0;PONTE DAS ALMORREIMAS;3;35460000;;;;
31;9006;5;2;ESTRADA;;PONTE DAS ALMORREIMAS;;-44.162.571.638.888.800;739.0;PONTE DAS ALMORREIMAS;3;35460000;;;;
31;9006;5;2;ESTRADA;;PONTE DAS ALMORREIMAS;SN;-4.417.345.497.222.220;784.0;PONTE DAS ALMORREIMAS;3;35460000;;;;
31;9006;5;2;ESTRADA;;PONTE DAS ALMORREIMAS;SN;-44.177.575;795.0;PONTE DAS ALMORREIMAS;3;35460000;;;;
31;9006;5;2;ESTRADA;;PONTE DAS ALMORREIMAS;SN;-4.416.220.330.555.550;839.0;PONTE DAS ALMORREIMAS;3;35460000;;;;
31;9006;5;2;ESTRADA;;DA TOCA;SN;-4.415.516.997.222.220;780.0;TOCA DE CIMA;3;35460000;;;;
31;9006;5;2;ESTRADA;;DA TOCA;;-4.415.351.663.888.880;758.0;TOCA DE CIMA;3;35460000;;;;
31;9006;5;2;ESTRADA;;DA TOCA;SN;-44.143.658.305.555.500;788.0;TOCA DE CIMA;3;35460000;;;;
31;9006;5;2;ESTRADA;;DA TOCA;SN;-4.413.544.997.222.220;762.0;TOCA DE CIMA;3;35460000;;;;
31;9006;5;2;ESTRADA;;DA TOCA;SN;-4.417.066;766.0;PONTE DAS ALMORREIMAS;3;35460000;;;;
31;9006;5;2;ESTRADA;;DA TOCA;SN;-44.137.076.638.888.800;801.0;MELO FRANCO;3;35460000;;;;
31;9006;5;2;ESTRADA;;DA TOCA;SN;-4.414.204.497.222.220;807.0;MELO FRANCO;3;35460000;;;;
31;9006;5;2;ESTRADA;;DA TOCA;SN;-44.163.466.638.888.800;851.0;PONTE DAS ALMORREIMAS;3;35460000;;;;
31;9006;5;2;FAZENDA;;BELA VISTA;SN;-4.418.077.333.333.330;817.0;BRUMADINHO;3;35460000;;;;
31;9006;5;2;FAZENDA;;LARANJAL;SN;-44.154.513.305.555.500;767.0;TOCA DE CIMA;3;35460000;;;;
31;9006;5;2;FAZENDA;SAO;JOSE;SN;-44.151.655;772.0;MARICOTA;3;35460000;;;;
31;9006;5;2;RUA;;UM;;-44.127.145;744.0;TOCA DE CIMA;3;35460000;;;;
31;9006;5;2;RUA;;UM;;-44.126.159.972.222.200;746.0;TOCA DE CIMA;3;35460000;;;;
31;9006;5;2;RUA;;UM;;-44.127.305;745.0;TOCA DE CIMA;3;35460000;;;;
31;9006;5;2;RUA;;UM;;-44.125.053.305.555.500;756.0;TOCA DE CIMA;3;35460000;;;;
31;9006;5;2;RUA;;UM;SN;-44.167.456.666.666.600;752.0;PONTE DAS ALMORREIMAS;3;35460000;;;;
31;9006;5;2;RUA;;GUARIBAS;;-4.418.099.997.222.220;784.0;GUARIBAS;3;35460000;;;;
31;9006;5;2;ESTRADA;;SEM DENOMINACAO;SN;-4.418.063.330.555.550;792.0;BRUMADINHO;3;35460000;;;;
31;9006;5;2;ESTRADA;;SEM DENOMINACAO;SN;-4.416.724.163.888.880;770.0;PONTE DAS ALMORREIMAS;3;35460000;;;;
31;9006;5;2;ESTRADA;;SEM DENOMINACAO;SN;-4.414.695.663.888.880;799.0;MARICOTA;3;35460000;;;;
31;9006;5;2;ESTRADA;;SEM DENOMINACAO;SN;-4.415.036.330.555.550;796.0;PONTE DAS ALMORREIMAS;3;35460000;;;;
31;9006;5;2;ESTRADA;;SEM DENOMINACAO;SN;-44.167.638.305.555.500;748.0;PONTE DAS ALMORREIMAS;3;35460000;;;;
31;9006;5;2;ESTRADA;;SEM DENOMINACAO;SN;-4.416.566.666.666.660;812.0;PIRES;3;35460000;;;;
31;9006;5;2;ESTRADA;;SEM DENOMINACAO;SN;-4.416.507.163.888.880;754.0;PONTE DAS ALMORREIMAS;3;35460000;;;;
31;9006;5;2;ESTRADA;;SEM DENOMINACAO;SN;-44.155.631.666.666.600;785.0;PONTE DAS ALMORREIMAS;3;35460000;;;;
31;9006;5;2;ESTRADA;;SEM DENOMINACAO;SN;-44.154.421.666.666.600;783.0;MARICOTA;3;35460000;;;;
31;9006;5;2;ESTRADA;;SEM DENOMINACAO;SN;-44.168.456.638.888.800;815.0;BARREIRAS;3;35460000;;;;
31;9006;5;2;ESTRADA;;SEM DENOMINACAO;SN;-4.419.213.163.888.880;867.0;EIXO QUEBRADO;3;35460000;;;;
31;9006;5;2;ESTRADA;;FAZENDA DA LAJE;SN;-44.133.585;774.0;MARICOTA;3;35460000;;;;
31;9006;5;2;ESTRADA;;CAJU A BARREIRAS;SN;-4.416.634.330.555.550;817.0;BARREIRAS;3;35460000;;;;
31;9006;5;2;ESTRADA;;CAJU A BARREIRAS;SN;-4.414.523.833.333.330;782.0;MARICOTA;3;35460000;;;;
31;9006;5;2;ESTRADA;;CAJU A BARREIRAS;SN;-4.416.341.497.222.220;851.0;BARREIRAS;3;35460000;;;;
31;9006;5;2;ESTRADA;;MARICOTA A PONTE PASSAGEM MELO FRANCO;SN;-4.412.529.830.555.550;744.0;MARICOTA;3;35460000;;;;
31;9006;5;2;RODOVIA;;50;SN;-44.192.456.666.666.600;887.0;EIXO QUEBRADO;3;35460000;;;;
31;9006;5;2;ESTRADA;;DE CAJU;SN;-44.183.434.999.999.900;786.0;CAJU;3;35460000;;;;
31;9006;5;2;ESTRADA;;DE CAJU;SN;-44.182.894.999.999.900;816.0;CAJU;3;35460000;;;;
31;9006;5;2;ESTRADA;;DE CAJU;SN;-44.188.561.666.666.600;799.0;CAJU;3;35460000;;;;
31;9006;5;2;ESTRADA;;MG 040;SN;-44.195.771.638.888.800;862.0;LAJINHA;3;35460000;;;;
31;9006;5;2;ESTRADA;;MG 040;SN;-4.419.389.497.222.220;901.0;LAJINHA;3;35460000;;;;
31;9006;5;2;ESTRADA;;MG 040;SN;-44.186.748.305.555.500;818.0;GUARIBAS;3;35460000;;;;
31;9006;5;2;ESTRADA;;MG 040;SN;-4.418.924.666.666.660;846.0;GUARIBAS;3;35460000;;;;
31;9006;5;2;ESTRADA;;MG 040;SN;-4.419.820.333.333.330;850.0;LAJINHA;3;35460000;;;;
31;9006;5;2;ESTRADA;;MG 040;SN;-4.419.622.497.222.220;846.0;EIXO QUEBRADO;3;35460000;;;;
31;9006;5;2;ESTRADA;;PARA AGUAS CLARAS;SN;-4.421.770.166.666.660;834.0;AGUAS CLARAS;3;35460000;;;;
31;9006;5;2;ESTRADA;;PARA AGUAS CLARAS;SN;-4.421.310.166.666.660;781.0;AGUAS CLARAS;3;35460000;;;;
31;9006;5;2;ESTRADA;;PARA AGUAS CLARAS;SN;-44.214.201.638.888.800;792.0;AGUAS CLARAS;3;35460000;;;;
31;9006;5;2;ESTRADA;;PARA AGUAS CLARAS;;-4.421.091.663.888.880;823.0;AGUAS CLARAS;3;35460000;;;;
31;9006;5;2;ESTRADA;;PARA AGUAS CLARAS;SN;-44.210.420.000.000.000;789.0;AGUAS CLARAS;3;35460000;;;;
31;9006;5;2;ESTRADA;;PARA AGUAS CLARAS;;-4.421.277.333.333.330;768.0;SOARES;3;35460000;;;;
31;9006;5;2;ESTRADA;;PARA AGUAS CLARAS;SN;-44.213.618.333.333.300;780.0;AGUAS CLARAS;3;35460000;;;;
31;9006;5;2;ESTRADA;;PARA AGUAS CLARAS;SN;-4.421.783.330.555.550;736.0;AGUAS CLARAS;3;35460000;;;;
31;9006;5;2;ESTRADA;;PARA AGUAS CLARAS;SN;-4.421.825.330.555.550;833.0;AGUAS CLARAS;3;35460000;;;;
31;9006;5;2;ESTRADA;;PARA AGUAS CLARAS;SN;-4.421.145.330.555.550;771.0;AGUAS CLARAS;3;35460000;;;;
31;9006;5;2;ESTRADA;;PARA AGUAS CLARAS;SN;-4.420.992.833.333.330;775.0;AGUAS CLARAS;3;35460000;;;;
31;9006;5;2;ESTRADA;;PARA AGUAS CLARAS;SN;-44.209.633.333.333.300;776.0;AGUAS CLARAS;3;35460000;;;;
31;9006;5;2;ESTRADA;;PARA AGUAS CLARAS;SN;-4.420.136.333.333.330;861.0;AGUAS CLARAS;3;35460000;;;;
31;9006;5;2;ESTRADA;;PARA AGUAS CLARAS;SN;-44.217.733.333.333.300;827.0;AGUAS CLARAS;3;35460000;;;;
31;9006;5;2;ESTRADA;;PARA AGUAS CLARAS;SN;-44.216.840.000.000.000;739.0;SOARES;3;35460000;;;;
31;9006;5;2;ESTRADA;;PARA AGUAS CLARAS;SN;-44.216.300.000.000.000;737.0;SOARES;3;35460000;;;;
31;9006;5;2;ESTRADA;;PARA AGUAS CLARAS;SN;-4.421.852.163.888.880;745.0;SOARES;3;35460000;;;;
31;9006;5;2;ESTRADA;;PARA AGUAS CLARAS;SN;-4.420.897.666.666.660;784.0;AGUAS CLARAS;3;35460000;;;;
31;9006;5;2;ESTRADA;;PARA AGUAS CLARAS;SN;-4.420.756.333.333.330;787.0;AGUAS CLARAS;3;35460000;;;;
31;9006;5;2;ESTRADA;;PARA GUARIBAS;SN;-4.419.597.997.222.220;768.0;GUARIBAS;3;35460000;;;;
31;9006;5;2;ESTRADA;;PARA GUARIBAS;SN;-4.419.507.330.555.550;796.0;GUARIBAS;3;35460000;;;;
31;9006;5;2;ESTRADA;;PARA GUARIBAS;SN;-4.422.958.833.333.330;867.0;AGUAS CLARAS;3;35460000;;;;
31;9006;5;2;ESTRADA;;PARA GUARIBAS;SN;-4.420.330.333.333.330;785.0;CACHOEIRA DOS PAPUDOS;3;35460000;;;;
31;9006;5;2;ESTRADA;;PARA GUARIBAS;SN;-4.419.280.497.222.220;817.0;GUARIBAS;3;35460000;;;;
31;9006;5;2;ESTRADA;;PARA GUARIBAS;SN;-4.419.154.666.666.660;785.0;GUARIBAS;3;35460000;;;;
31;9006;5;2;ESTRADA;;PARA SOARES;;-4.421.389.663.888.880;758.0;AGUAS CLARAS;3;35460000;;;;
31;9006;5;2;ESTRADA;;PARA SOARES;;-4.421.531.663.888.880;742.0;SOARES;3;35460000;;;;
31;9006;5;2;ESTRADA;;PARA SOARES;;-4.421.573.163.888.880;749.0;AGUAS CLARAS;3;35460000;;;;
31;9006;5;2;ESTRADA;;PARA SOARES;SN;-4.421.670.666.666.660;736.0;SOARES;3;35460000;;;;
31;9006;5;2;RUA;;DOIS;;-4.420.821.497.222.220;792.0;AGUAS CLARAS;3;35460000;;;;
31;9006;5;2;ESTRADA;;PARA MATO DENTRO;SN;-4.421.441.166.666.660;789.0;AGUAS CLARAS;3;35460000;;;;
31;9006;5;2;ESTRADA;;PARA MATO DENTRO;SN;-4.421.305.666.666.660;783.0;AGUAS CLARAS;3;35460000;;;;
31;9006;5;2;ESTRADA;;PARA MATO DENTRO;SN;-4.421.885.830.555.550;794.0;AGUAS CLARAS;3;35460000;;;;
31;9006;5;2;ESTRADA;;PARA MATO DENTRO;SN;-44.219.051.666.666.600;785.0;AGUAS CLARAS;3;35460000;;;;
31;9006;5;2;ESTRADA;;PARA MATO DENTRO;SN;-44.225.304.972.222.200;842.0;AGUAS CLARAS;3;35460000;;;;
31;9006;5;2;ESTRADA;;PARA MATO DENTRO;SN;-4.422.387.163.888.880;805.0;AGUAS CLARAS;3;35460000;;;;
31;9006;5;2;RUA;;B;SN;-4.420.332.330.555.550;777.0;CACHOEIRA DOS PAPUDOS;3;35460000;;;;
31;9006;5;2;RUA;;B;SN;-44.206.030.000.000.000;756.0;CACHOEIRA DOS PAPUDOS;3;35460000;;;;
31;9006;5;2;ESTRADA;;PARA RIO MANSO;SN;-44.233.556.666.666.600;881.0;AGUAS CLARAS;3;35460000;;;;
31;9006;5;2;ESTRADA;;VALONGO;SN;-4.423.507.497.222.220;885.0;VALONGO MATO DENTRO;3;35460000;;;;
31;9006;5;2;ESTRADA;;VALONGO;SN;-44.232.895;851.0;VALONGO MATO DENTRO;3;35460000;;;;
31;9006;5;2;ESTRADA;;VALONGO;SN;-4.423.238;847.0;VALONGO MATO DENTRO;3;35460000;;;;
31;9006;5;2;ESTRADA;;CACHOEIRA AO CONDOMINIO AGUAS CLARAS;SN;-4.420.218.997.222.220;750.0;CACHOEIRA DOS PAPUDOS;3;35460000;;;;
31;9006;5;2;RUA;;F;SN;-44.201.951.666.666.600;795.0;GUARIBAS;3;35460000;;;;
31;9006;5;2;ESTRADA;;DE BRUMADINHO PARA CORREGO DO;SN;-44.125.750.000.000.000;819.0;CORREGO DO FEIJAO;3;35460000;;;;
31;9006;5;2;ESTRADA;;DE BRUMADINHO PARA CORREGO DO;SN;-4.414.135;;ALBERTO FLORES;3;35460000;;;;
31;9006;5;2;ESTRADA;;DE BRUMADINHO PARA CORREGO DO;KM;-4.413.259.663.888.880;;CORREGO DO FEIJAO;3;35460000;;;;
31;9006;5;2;ESTRADA;;DE BRUMADINHO PARA CORREGO DO;SN;-44.141.731.638.888.800;;ALBERTO FLORES;3;35460000;;;;
31;9006;5;2;ESTRADA;;JANGADA C FEIJAO;SN;-44.075.878.305.555.500;;CASA BRANCA;3;35460000;;;;
31;9006;5;2;ESTRADA;;JANGADA C FEIJAO;SN;-4.408.273.666.666.660;;CORREGO DO FEIJAO;3;35460000;;;;
31;9006;5;2;RUA;;JANGADA;SN;-4.409.841.330.555.550;;JANGADA;3;35460000;;;;
31;9006;5;2;ESTRADA;;VALE A MIB;SN;-44.115.210.000.000.000;;CORREGO DO FEIJAO;3;35460000;;;;
31;9006;5;2;ESTRADA;;VALE A MIB;SN;-4.410.943;;CORREGO DO FEIJAO;3;35460000;;;;
31;9006;5;2;ESTRADA;;VALE A MIB;SN;-4.411.710.497.222.220;;CORREGO DO FEIJAO;3;35460000;;;;
31;9006;5;2;ESTRADA;;VALE A MIB;SN;-4.412.024.163.888.880;;CORREGO DO FEIJAO;3;35460000;;;;
31;9006;5;2;ESTRADA;;SEM DENOMINACAO;SN;-44.104.481.666.666.600;;CORREGO DO FEIJAO;3;35460000;;;;
31;9006;5;2;ESTRADA;;SEM DENOMINACAO;SN;-44.106.369.972.222.200;764.0;CORREGO DO FEIJAO;3;35460000;;;;
31;9006;5;2;ESTRADA;;CORREGO DO FEIJAO A RECANTO DA NEBLINA;SN;-44.092.575.000.000.000;;CORREGO DO FEIJAO;3;35460000;;;;
31;9006;5;2;RUA;;TRES;;-44.108.809.972.222.200;;SAMAMBAIA;3;35460000;;;;
31;9006;5;2;RUA;;TRES;;-44.107.644.972.222.200;;CORREGO DO FEIJAO;3;35460000;;;;
31;9006;5;2;ESTRADA;;SERRADAO;SN;-44.137.105;;TEJUCO;3;35460000;;;;
31;9006;5;2;RUA;;ENGENHO;SN;-4.406.297.166.666.660;;CASA BRANCA;3;35460000;;;;
31;9006;5;2;ESTRADA;;ALBERTO FLORES CORREGO DO FEIJ;SN;-44.126.913.333.333.300;;CORREGO DO FEIJAO;3;35460000;;;;
31;9006;5;2;ESTRADA;;ALBERTO FLORES CORREGO DO FEIJ;SN;-4.414.498;803.0;ALBERTO FLORES;3;35460000;;;;
31;9006;5;2;ESTRADA;;ALBERTO FLORES MELO FRANCO;SN;-4.414.101.333.333.330;808.0;ALBERTO FLORES;3;35460000;;;;
31;9006;5;2;ESTRADA;;ALBERTO FLORES MELO FRANCO;SN;-44.120.715;754.0;MELO FRANCO;3;35460000;;;;
31;9006;5;2;ESTRADA;;ALBERTO FLORES MELO FRANCO;SN;-4.412.287;786.0;MELO FRANCO;3;35460000;;;;
31;9006;5;2;ESTRADA;;BRUMADINHO MELO FRANCO;SN;-4.415.611.830.555.550;759.0;ALBERTO FLORES;3;35460000;;;;
31;9006;5;2;ESTRADA;;BRUMADINHO MELO FRANCO;SN;-4.415.597.997.222.220;776.0;ALBERTO FLORES;3;35460000;;;;
31;9006;5;2;ESTRADA;;BRUMADINHO MELO FRANCO;SN;-44.152.209.972.222.200;752.0;ALBERTO FLORES;3;35460000;;;;
31;9006;5;2;ESTRADA;;BRUMADINHO MELO FRANCO;SN;-44.139.496.638.888.800;;ALBERTO FLORES;3;35460000;;;;
31;9006;5;2;ESTRADA;;BRUMADINHO MELO FRANCO;SN;-4.410.833;764.0;ARANHA;3;35460000;;;;
31;9006;5;2;RUA;;UM;;-4.412.368.663.888.880;755.0;MELO FRANCO;3;35460000;;;;
31;9006;5;2;ESTRADA;;SEM DENOMINACAO;SN;-44.104.645;;CORREGO DO FEIJAO;3;35460000;;;;
31;9006;5;2;ESTRADA;;SEM DENOMINACAO;SN;-4.410.106.666.666.660;774.0;CORREGO DO FEIJAO;3;35460000;;;;
31;9006;5;2;ESTRADA;;SEM DENOMINACAO;SN;-4.410.151.833.333.330;796.0;CORREGO DO FEIJAO;3;35460000;;;;
31;9006;5;2;ESTRADA;;SEM DENOMINACAO;SN;-4.410.564.333.333.330;765.0;CORREGO DO FEIJAO;3;35460000;;;;
31;9006;5;2;ESTRADA;;SEM DENOMINACAO;SN;-44.088.258.305.555.500;797.0;ARANHA;3;35460000;;;;
31;9006;5;2;ESTRADA;;TREVO ALBERTO FLORES A CORREGO DO FEIJAO;SN;-4.413.939.333.333.330;848.0;ALBERTO FLORES;3;35460000;;;;
31;9006;5;2;ESTRADA;;MORRO GRANDE;SN;-4.413.355.166.666.660;;ALBERTO FLORES;3;35460000;;;;
31;9006;5;2;RODOVIA;;MG 40;B;-44.199.288.305.555.500;;BRUMADINHO;3;35460000;;;;
31;9006;5;2;RODOVIA;;MG 40;A;-44.199.468.305.555.500;;BRUMADINHO;3;35460000;;;;
31;9006;5;2;RODOVIA;;MG 40;SN;-44.195.899.999.999.900;;BRUMADINHO;3;35460000;;;;
31;9006;5;2;RODOVIA;;MG 40;KM;-44.205.224.972.222.200;734.0;BRUMADINHO;3;35460000;;;;
31;9006;5;2;RODOVIA;;MG 40;KM;-4.420.349.163.888.880;746.0;BRUMADINHO;3;35460000;;;;
31;9006;5;2;RUA;;DOIS;;-4.418.658.330.555.550;822.0;MONTE CRISTO;3;35460000;;;;
31;9006;5;2;RUA;;DO TEJUCO;SN;-4.415.587.997.222.220;;TEJUCO;3;35460000;;;;
31;9006;5;2;ESTRADA;;SERRADAO;SN;-4.414.189.830.555.550;;TEJUCO;3;35460000;;;;
31;9006;5;2;ESTRADA;;SERRADAO;SN;-4.414.603.997.222.220;;TEJUCO;3;35460000;;;;
31;9006;5;2;RUA;;UM;SN;-4.418.275.663.888.880;871.0;MONTE CRISTO;3;35460000;;;;
31;9006;5;2;RUA;;DO CANTO;SN;-4.421.916.166.666.660;751.0;BRUMADINHO;3;35460000;;;;
31;9006;10;1;RUA;;JR;SN;-4.400.441.663.888.880;922.0;SUZANA;3;35460000;;;;
31;9006;10;1;RUA;;EXPEDITO AUGUSTO;SN;-4.401.278.333.333.330;911.0;BARREIRO;3;35460000;;;;
31;9006;10;1;RUA;;EXPEDITO AUGUSTO;SN;-44.015.185;905.0;BARREIRO;3;35460000;;;;
31;9006;10;1;RUA;;EXPEDITO AUGUSTO;SN;-4.400.965.330.555.550;895.0;BARREIRO;3;35460000;;;;
31;9006;10;1;RUA;;EXPEDITO AUGUSTO;SN;-44.011.403.305.555.500;917.0;BARREIRO;3;35460000;;;;
31;9006;10;1;RUA;;PARA SUZANA;SN;-4.400.323.163.888.880;922.0;BARREIRO;3;35460000;;;;
31;9006;10;1;RUA;;PARA SUZANA;;-44.007.415;886.0;SAMAMBAIA;3;35460000;;;;
31;9006;10;1;ESTRADA;;MINICIPAL;SN;-44.121.465;752.0;MELO FRANCO;3;35460000;;;;
31;9006;10;1;ESTRADA;;CAMINHO DA TOCA;SN;-44.120.506.666.666.600;750.0;MELO FRANCO;3;35460000;;;;
31;9006;10;1;ESTRADA;;CAMINHO DA TOCA;;-4.411.976.833.333.330;744.0;MELO FRANCO;3;35460000;;;;
31;9006;10;1;ESTRADA;;CAMINHO DA TOCA;SN;-4.411.631.166.666.660;752.0;MELO FRANCO;3;35460000;;;;
31;9006;10;1;ESTRADA;;CAMINHO DA TOCA;SN;-44.113.841.666.666.600;757.0;MELO FRANCO;3;35460000;;;;
31;9006;10;1;ESTRADA;;CAMINHO DA TOCA;;-4.412.206.997.222.220;765.0;MELO FRANCO;3;35460000;;;;
31;9006;10;2;ESTRADA;;BRUMADINHO MELO FRANCO;SN;-4.411.574.663.888.880;760.0;MELO FRANCO;3;35460000;;;;
31;9006;10;2;ESTRADA;;BRUMADINHO MELO FRANCO;SN;-4.410.961;797.0;MELO FRANCO;3;35460000;;;;
31;9006;10;2;ESTRADA;;BRUMADINHO MELO FRANCO;SN;-44.104.998.305.555.500;783.0;ARANHA;3;35460000;;;;
31;9006;10;2;ESTRADA;;BRUMADINHO MELO FRANCO;SN;-4.411.576;757.0;MELO FRANCO;3;35460000;;;;
31;9006;10;2;ESTRADA;;BRUMADINHO MELO FRANCO;SN;-441.165;748.0;MELO FRANCO;3;35460000;;;;
31;9006;10;2;ESTRADA;;BRUMADINHO MELO FRANCO;SN;-44.115.034.972.222.200;777.0;MELO FRANCO;3;35460000;;;;
31;9006;10;2;ESTRADA;;DO CRUZEIRO;SN;-4.411.201.166.666.660;773.0;LAGOA GRANDE;3;35460000;;;;
31;9006;10;2;ESTRADA;;DO CRUZEIRO;SN;-44.111.003.305.555.500;749.0;MELO FRANCO;3;35460000;;;;
31;9006;10;2;ESTRADA;;DO CRUZEIRO;SN;-4.411.108.497.222.220;756.0;MELO FRANCO;3;35460000;;;;
31;9006;10;2;RUA;;DAS PEDRAS;SN;-4.408.441.166.666.660;851.0;ARANHA;3;35460000;;;;
31;9006;10;2;RUA;;PRINCIPAL;SN;-4.410.331.166.666.660;761.0;LAGOA GRANDE;3;35460000;;;;
31;9006;10;2;RUA;;PRINCIPAL;SN;-4.410.525.663.888.880;776.0;LAGOA GRANDE;3;35460000;;;;
31;9006;10;2;CAMINHO;;RUA DAS PEDRAS - SITIO BONANZA;SN;-4.407.404.163.888.880;871.0;ARANHAS;3;35460000;;;;
31;9006;10;2;RUA;;JESUINA;SN;-44.088.726.666.666.600;831.0;ARANHA;3;35460000;;;;
31;9006;10;2;ESTRADA;DONA;ALZIRA MAIA;SN;-4.408.917.163.888.880;774.0;ARANHA;3;35460000;;;;
31;9006;10;2;RUA;;A;SN;-44.103.319.972.222.200;770.0;ARANHA;3;35460000;;;;
31;9006;20;2;RODOVIA;;PIEDADE A 040;KM;-43.997.186.666.666.600;1060.0;PIEDADE DO PARAOPEBA;3;35460000;;;;
31;9006;10;2;ESTRADA;;ARANHA PARA CORREGO DE ALMAS;SN;-4.406.112.497.222.220;879.0;CORREGO DE ALMAS;3;35460000;;;;
31;9006;10;2;ESTRADA;;ARANHA PARA CORREGO DE ALMAS;SN;-4.405.713.163.888.880;881.0;CORREGO DE ALMAS;3;35460000;;;;
31;9006;10;2;ESTRADA;;CORREGO DE ALMAS PARA MARQUES;SN;-44.035.558.333.333.300;937.0;CORREGO DE ALMAS;3;35460000;;;;
31;9006;10;2;ESTRADA;;CORREGO DE ALMAS PARA MARQUES;SN;-4.405.374.663.888.880;904.0;CORREGO DE ALMAS;3;35460000;;;;
31;9006;10;2;ESTRADA;;GROTAO;SN;-44.071.803.333.333.300;875.0;CORREGO DE ALMAS;3;35460000;;;;
31;9006;10;2;ESTRADA;;MARINHOS PARA ARANHA;SN;-4.407.652.166.666.660;815.0;CORONEL EURICO;3;35460000;;;;
31;9006;10;2;ESTRADA;;MARINHOS PARA ARANHA;SN;-4.407.449.166.666.660;794.0;CORONEL EURICO;3;35460000;;;;
31;9006;10;2;ESTRADA;;MARINHOS PARA ARANHA;;-44.087.113.305.555.500;825.0;MARINHO VELHO;3;35460000;;;;
31;9006;10;2;ESTRADA;;MARINHOS PARA ARANHA;SN;-4.407.832.830.555.550;827.0;RIBEIRAO;3;35460000;;;;
31;9006;10;2;ESTRADA;;MARINHOS PARA ARANHA;SN;-4.409.412.663.888.880;783.0;CORONEL EURICO;3;35460000;;;;
31;9006;10;2;ESTRADA;;MUSSUNGO;SN;-44.080.175.000.000.000;817.0;CORONEL EURICO;3;35460000;;;;
31;9006;10;2;ESTRADA;CORONEL;EURICO PARA PARADA DA DONA;;-44.096.806.666.666.600;778.0;CORONEL EURICO;3;35460000;;;;
31;9006;10;2;ESTRADA;;ILDEFONSO ROSA AMORIM;SN;-4.403.371.833.333.330;960.0;CORREGO DE ALMAS;3;35460000;;;;
31;9006;10;2;ESTRADA;;ILDEFONSO ROSA AMORIM;SN;-4.403.713.333.333.330;928.0;CORREGO DE ALMAS;3;35460000;;;;
31;9006;10;2;ESTRADA;;ILDEFONSO ROSA AMORIM;SN;-44.037.256.638.888.800;968.0;CORREGO DE ALMAS;3;35460000;;;;
31;9006;10;2;ESTRADA;;ILDEFONSO ROSA AMORIM;SN;-4.402.811.163.888.880;948.0;CORREGO DE ALMAS;3;35460000;;;;
31;9006;10;2;ESTRADA;;ILDEFONSO ROSA AMORIM;SN;-4.404.318;918.0;CORREGO DE ALMAS;3;35460000;;;;
31;9006;10;2;ESTRADA;;ILDEFONSO ROSA AMORIM;SN;-44.039.941.666.666.600;925.0;CORREGO DE ALMAS;3;35460000;;;;
31;9006;10;2;ESTRADA;;MANUEL ROSA DE AMORIM;SN;-44.020.379.999.999.900;890.0;SAMAMBAIA;3;35460000;;;;
31;9006;10;2;ESTRADA;;ANTONIO AMORIM;SN;-4.405.454.833.333.330;922.0;CORREGO DE ALMAS;3;35460000;;;;
31;9006;10;2;ESTRADA;;ANTONIO AMORIM;SN;-4.405.038;893.0;CORREGO DE ALMAS;3;35460000;;;;
31;9006;10;2;ESTRADA;;MANUEL DELFINO AMORIM;SN;-4.404.091.663.888.880;911.0;CORREGO DE ALMAS;3;35460000;;;;
31;9006;10;2;RUA;;RIBEIRAO 1;;-4.406.329.833.333.330;847.0;RIBEIRAO;3;35460000;;;;
31;9006;20;2;ESTRADA;;MARQUES ARANHA;SN;-44.068.741.638.888.800;815.0;MARQUES;3;35460000;;;;
31;9006;20;2;ESTRADA;;MARQUES A PALHANO;SN;-4.404.310.663.888.880;819.0;PALHANO;3;35460000;;;;
31;9006;20;2;ESTRADA;;MARQUES A PALHANO;;-44.048.825;796.0;MARQUES;3;35460000;;;;
31;9006;20;2;ESTRADA;;MARQUES A PALHANO;SN;-4.404.047.163.888.880;830.0;MARQUES;3;35460000;;;;
31;9006;20;2;ESTRADA;;MARQUES A PALHANO;SN;-4.403.481.333.333.330;831.0;MARQUES;3;35460000;;;;
31;9006;20;2;ESTRADA;;MORRO GRANDE;SN;-4.405.660.997.222.220;806.0;MARQUES;3;35460000;;;;
31;9006;20;2;ESTRADA;;MORRO GRANDE;SN;-44.056.329.999.999.900;804.0;MARQUES;3;35460000;;;;
31;9006;10;2;ESTRADA;;TRES BARRAS PARA SAMAMBAIA;SN;-4.404.338.833.333.330;828.0;SAMAMBAIA;3;35460000;;;;
31;9006;10;2;ESTRADA;;TRES BARRAS PARA SAMAMBAIA;SN;-4.405.188.333.333.330;824.0;RIBEIRAO;3;35460000;;;;
31;9006;10;2;RUA;;HUM;SN;-44.017.331.666.666.600;862.0;SAMAMBAIA;3;35460000;;;;
31;9006;10;2;RUA;;HUM;;-44.015.103.333.333.300;861.0;SAMAMBAIA;3;35460000;;;;
31;9006;10;2;RUA;;HUM;SN;-4.401.709.833.333.330;865.0;SAMAMBAIA;3;35460000;;;;
31;9006;10;2;RUA;;HUM;SN;-44.008.008.305.555.500;880.0;SAMAMBAIA;3;35460000;;;;
31;9006;10;2;ESTRADA;;SAMAMBAIA;SN;-44.017.453.333.333.300;882.0;SAMAMBAIA;3;35460000;;;;
31;9006;10;2;ESTRADA;;MANUEL ROSA AMORIM;SN;-44.023.336.638.888.800;974.0;ESTIVA;3;35460000;;;;
31;9006;20;2;AVENIDA;;NOSSA SENHORA DA CONCEICAO;;-44.023.496.638.888.800;829.0;PALHANO;3;35460000;;;;
31;9006;20;2;FAZENDA;;TUMBA;SN;-4.403.143.997.222.220;956.0;CORREGO DE ALMAS;3;35460000;;;;
31;9006;20;2;RUA;;ESTRADA PARA CANDEIAS;SN;-4.402.218.497.222.220;874.0;CANDEIAS;3;35460000;;;;
31;9006;20;2;RUA;;ESTRADA RANCHO DO PEIXE;SN;-4.402.341.333.333.330;857.0;PALHANO;3;35460000;;;;
31;9006;20;2;ESTRADA;;SEM DENOMINACAO;SN;-44.028.378.305.555.500;876.0;PALHANO;3;35460000;;;;
31;9006;20;2;ESTRADA;;SEM DENOMINACAO;;-44.026.073.305.555.500;871.0;PALHANO;3;35460000;;;;
31;9006;20;2;ESTRADA;;CACHOEIRA DA BOA VISTA;SN;-4.406.198.833.333.330;780.0;MARQUES;3;35460000;;;;
31;9006;20;2;ESTRADA;;ARANHA A MARQUES;SN;-4.407.607.497.222.220;798.0;MARQUES;3;35460000;;;;
31;9006;20;2;ESTRADA;;MAURILIO PARREIRA MAIA;SN;-4.408.154.666.666.660;776.0;MARQUES;3;35460000;;;;
31;9006;20;2;ESTRADA;;MAURILIO PARREIRA MAIA;SN;-44.078.834.972.222.200;;ARANHA;3;35460000;;;;
31;9006;20;2;ESTRADA;;CASA BRANCA A CORREGO DE AREIA;SN;-44.055.006.666.666.600;;CASA BRANCA;3;35460000;;;;
31;9006;20;2;ESTRADA;;CASA BRANCA A CORREGO DE AREIA;SN;-4.405.752.666.666.660;;CORREGO DE AREIAS;3;35460000;;;;
31;9006;20;2;ESTRADA;;SEM DENOMINACAO;SN;-4.408.726.663.888.880;;CORREGO DO FEIJAO;3;35460000;;;;
31;9006;20;2;ESTRADA;;SEM DENOMINACAO;SN;-4.406.068.666.666.660;806.0;MARQUES;3;35460000;;;;
31;9006;20;2;ESTRADA;;SEM DENOMINACAO;SN;-44.061.371.638.888.800;825.0;MARQUES;3;35460000;;;;
31;9006;20;2;ESTRADA;;SEM DENOMINACAO;SN;-4.407.492.497.222.220;;CASA BRANCA;3;35460000;;;;
31;9006;20;2;ESTRADA;;MARQUES A PIEDADE;SN;-44.043.211.666.666.600;;MARQUES;3;35460000;;;;
31;9006;20;2;ESTRADA;;MARQUES A PIEDADE;SN;-44.035.061.666.666.600;;MARQUES;3;35460000;;;;
31;9006;20;2;ESTRADA;;MARQUES A PIEDADE;SN;-44.049.056.666.666.600;796.0;PIEDADE DO PARAOPEBA;3;35460000;;;;
31;9006;20;2;ESTRADA;;MARQUES A PIEDADE;SUS;-4.406.004.497.222.220;796.0;MARQUES;3;35460000;;;;
31;9006;20;2;ESTRADA;;PIEDADE PARAOPEBA A CASA BRANCA;;-44.030.143.305.555.500;;PIEDADE DO PARAOPEBA;3;35460000;;;;
31;9006;15;2;RUA;;4;SN;-4.424.885.830.555.550;845.0;MATO DENTRO;3;35460000;;;;
31;9006;15;2;RUA;;4;SN;-4.424.187.166.666.660;816.0;BRUMADINHO;3;35460000;;;;
31;9006;15;2;RUA;;4;SN;-4.424.320.497.222.220;830.0;BRUMADINHO;3;35460000;;;;
31;9006;15;2;RUA;;4;SN;-4.424.625.830.555.550;830.0;MATO DENTRO;3;35460000;;;;
31;9006;15;2;RUA;;4;SN;-4.424.120.333.333.330;878.0;MATO DENTRO;3;35460000;;;;
31;9006;15;2;RUA;;UM;SN;-4.423.943.997.222.220;810.0;MATO DENTRO;3;35460000;;;;
31;9006;15;2;RUA;;UM;SN;-44.241.926.666.666.600;804.0;MATO DENTRO;3;35460000;;;;
31;9006;15;2;RUA;;UM;;-4.423.713.163.888.880;821.0;MATO DENTRO;3;35460000;;;;
31;9006;15;2;RUA;;UM;SN;-4.423.986.997.222.220;806.0;BRUMADINHO;3;35460000;;;;
31;9006;15;2;RUA;;UM;SN;-4.423.990.663.888.880;803.0;MATO DENTRO;3;35460000;;;;
31;9006;15;2;RUA;;UM;SN;-44.238.734.972.222.200;806.0;MATO DENTRO;3;35460000;;;;
31;9006;15;2;ESTRADA;;PARA RIO MANSO;SN;-44.237.696.666.666.600;874.0;AGUAS CLARAS;3;35460000;;;;
31;9006;15;2;ESTRADA;;PARA RIO MANSO;SN;-4.424.862.663.888.880;875.0;REGIAO DE INGA;3;35460000;;;;
31;9006;15;2;RODOVIA;;FERNAO DIAS;SN;-44.311.249.999.999.900;1019.0;BRUMADINHO;3;35460000;;;;
31;9006;15;2;RODOVIA;;FERNAO DIAS;SN;-4.432.216.830.555.550;896.0;BRUMADINHO;3;35460000;;;;
31;9006;15;2;RODOVIA;;FERNAO DIAS;KM;-4.432.296.497.222.220;852.0;BRUMADINHO;3;35460000;;;;
31;9006;15;2;RODOVIA;;FERNAO DIAS;SN;-44.338.955.000.000.000;841.0;VELOSO;3;35460000;;;;
31;9006;15;2;RUA;;B;;-44.308.335;;VALE DO INGA;3;35460000;;;;
31;9006;15;2;RUA;;TRES;SN;-4.432.040.997.222.220;;VALE DO INGA;3;35460000;;;;
31;9006;15;2;RUA;;TRES;SN;-44.316.264.999.999.900;;VALE DO INGA;3;35460000;;;;
31;9006;15;2;RUA;;TRES;SN;-44.319.159.972.222.200;;VALE DO INGA;3;35460000;;;;
31;9006;15;2;VALE;;INGA;SN;-4.432.085.163.888.880;;VALE INGA;3;35460000;;;;
31;9006;15;2;RUA;;E;;-4.430.985.333.333.330;986.0;VALE INGA;3;35460000;;;;
31;9006;25;2;ESTRADA;;BEIRA LINHA;SN;-44.091.165.000.000.000;784.0;CORONEL EURICO;3;35460000;;;;
31;9006;25;2;ESTRADA;;GOMES PARA TAQUARACU;SN;-44.044.068.305.555.500;837.0;TAQUARACU;3;35460000;;;;
31;9006;25;2;ESTRADA;;GOMES PARA TAQUARACU;SN;-4.404.946.997.222.220;840.0;TAQUARACU;3;35460000;;;;
31;9006;25;2;ESTRADA;;MARINHOS MOEDA;SN;-44.074.418.333.333.300;831.0;SAPE;3;35460000;;;;
31;9006;25;2;ESTRADA;;MARINHOS PARA ARANHA;KM;-4.408.470.663.888.880;809.0;MARINHOS;3;35460000;;;;
31;9006;25;2;ESTRADA;;MARINHOS PARA ARANHA;SN;-44.081.788.305.555.500;820.0;MARINHOS;3;35460000;;;;
31;9006;25;2;ESTRADA;;MARINHOS PARA ARANHA;SN;-4.407.989.830.555.550;820.0;MARINHOS;3;35460000;;;;
31;9006;25;2;ESTRADA;;MARINHOS PARA ARANHA;;-4.408.450.833.333.330;823.0;CORONEL EURICO;3;35460000;;;;
31;9006;25;2;ESTRADA;;MARINHOS PARA ARANHA;KM;-4.408.800.163.888.880;817.0;MARINHOS;3;35460000;;;;
31;9006;25;2;ESTRADA;;MARINHOS PARA ARANHA;SN;-44.086.315;821.0;MARINHOS;3;35460000;;;;
31;9006;25;2;ESTRADA;;MARTINS PARA LIMEIRA;SN;-4.403.718.997.222.220;844.0;MARTINS;3;35460000;;;;
31;9006;25;2;ESTRADA;;MARTINS PARA LIMEIRA;SN;-4.403.413;850.0;MARTINS;3;35460000;;;;
31;9006;25;2;ESTRADA;;MARTINS PARA PADRE ANTONIO;SN;-4.402.749.333.333.330;878.0;MARTINS;3;35460000;;;;
31;9006;25;2;ESTRADA;;PRINCIPAL DE ARANHA PARA MARINHOS;SN;-4.408.079;814.0;MARINHOS;3;35460000;;;;
31;9006;25;2;ESTRADA;;RIBEIRAO A FAZENDA MARTINS;SN;-4.405.241.997.222.220;817.0;MARTINS;3;35460000;;;;
31;9006;25;2;ESTRADA;;RIBEIRAO A FAZENDA MARTINS;SN;-4.404.038.497.222.220;833.0;MARTINS;3;35460000;;;;
31;9006;25;2;ESTRADA;;RIBEIRAO AO TREVO DE MARINHOS;SN;-44.071.313.333.333.300;826.0;RIBEIRAO;3;35460000;;;;
31;9006;25;2;ESTRADA;;RIBEIRAO AO TREVO DE MARINHOS;SN;-44.075.854.972.222.200;809.0;RIBEIRAO;3;35460000;;;;
31;9006;25;2;ESTRADA;;RIBEIRAO AO TREVO DE MARINHOS;SN;-4.406.690.833.333.330;831.0;RIBEIRAO;3;35460000;;;;
31;9006;25;2;ESTRADA;;RIBEIRAO PARA MARTINS;SN;-44.042.138.305.555.500;834.0;MARTINS;3;35460000;;;;
31;9006;25;2;ESTRADA;;SAPE A RIBEIRAO;SN;-4.407.119.330.555.550;828.0;SAPE;3;35460000;;;;
31;9006;25;2;ESTRADA;;SAPE PARA MOEDA VELHA;SN;-44.069.339.972.222.200;834.0;SAPE;3;35460000;;;;
31;9006;25;2;ESTRADA;;SAPE PARA MOEDA VELHA;SN;-4.407.372.497.222.220;818.0;SAPE;3;35460000;;;;
31;9006;25;2;ESTRADA;;SAPE PARA MOEDA VELHA;SN;-4.406.453.833.333.330;841.0;SAPE;3;35460000;;;;
31;9006;25;2;ESTRADA;;SITIO ESTANCIA DO SINO;SN;-44.097.973.305.555.500;795.0;CORONEL EURICO;3;35460000;;;;
31;9006;25;2;ESTRADA;;TAQUARACU OU GOMES;SN;-4.406.753.166.666.660;800.0;GOMES;3;35460000;;;;
31;9006;25;2;ESTRADA;;TAQUARACU OU GOMES;SN;-4.404.392.166.666.660;839.0;TAQUARACU OU GOMES;3;35460000;;;;
31;9006;25;2;ESTRADA;;TAQUARACU OU GOMES;SN;-4.404.884.330.555.550;816.0;TAQUARACU OU GOMES;3;35460000;;;;
31;9006;25;2;ESTRADA;;TAQUARACU OU GOMES;SN;-4.405.743.333.333.330;819.0;TAQUARACU OU GOMES;3;35460000;;;;
31;9006;25;2;ESTRADA;;TAQUARACU OU GOMES;SN;-4.404.159;838.0;TAQUARACU OU GOMES;3;35460000;;;;
31;9006;25;2;ESTRADA;;TAQUARACU OU GOMES;SN;-4.404.218.833.333.330;868.0;TAQUARACU OU GOMES;3;35460000;;;;
31;9006;25;2;ESTRADA;CORONEL;EURICO PARA MARINHOS;SN;-44.090.245;789.0;GROTA DA CAVA;3;35460000;;;;
31;9006;25;2;ESTRADA;CORONEL;EURICO PARA MARINHOS;SN;-44.089.218.333.333.300;813.0;GROTA DA CAVA;3;35460000;;;;
31;9006;25;2;RUA;;DOIS;;-4.405.197;860.0;COLEGIO;3;35460000;;;;
31;9006;25;2;RUA;;HUM;SN;-44.057.903.305.555.500;831.0;COLEGIO;3;35460000;;;;
31;9006;25;2;RUA;;HUM;;-440.547;826.0;COLEGIO;3;35460000;;;;
31;9006;25;2;RUA;;HUM;;-4.405.881.833.333.330;840.0;COLEGIO;3;35460000;;;;
31;9006;25;2;RUA;;HUM;;-4.406.133.163.888.880;852.0;COLEGIO;3;35460000;;;;
31;9006;25;2;RUA;;HUM;;-4.406.832.497.222.220;833.0;SAPE;3;35460000;;;;
31;9006;25;2;RUA;;HUM;;-44.074.738.333.333.300;822.0;SAPE;3;35460000;;;;
31;9006;25;2;RUA;;HUM;SN;-4.405.135.997.222.220;857.0;COLEGIO;3;35460000;;;;
31;9006;25;2;RUA;;HUM;;-4.406.879.666.666.660;834.0;SAPE;3;35460000;;;;
31;9006;25;2;RUA;;TRES;;-4.405.679.833.333.330;829.0;COLEGIO;3;35460000;;;;
31;9006;25;2;ESTRADA;;MARTINS A SUZANA;SN;-44.033.163.333.333.300;857.0;MARTINS;3;35460000;;;;
31;9006;25;2;ESTRADA;;MARTINS A SUZANA;SN;-4.403.080.830.555.550;857.0;MARTINS;3;35460000;;;;
31;9006;25;2;ESTRADA;;MARTINS A SUZANA;SN;-4.402.426.163.888.880;894.0;MARTINS;3;35460000;;;;
31;9006;25;2;ESTRADA;;SAPE A COLEGIO;SN;-4.407.282.330.555.550;818.0;SAPE;3;35460000;;;;
31;9006;15;1;RUA;;DE CALCAMENTO;SN;-44.232.398.305.555.500;764.0;BRUMADINHO;3;35460000;;;;
31;9006;5;2;AVENIDA;;MG 040;KM;-44.200.140.000.000.000;770.0;BRUMADINHO;3;35460000;;;;
31;9006;5;2;AVENIDA;;MG 040;KM;-4.421.039.666.666.660;770.0;BRUMADINHO;3;35460000;;;;
31;9006;5;2;AVENIDA;;MG 040;SN;-4.420.231.666.666.660;723.0;BRUMADINHO;3;35460000;;;;
31;9006;5;2;AVENIDA;;MG 040;SN;-4.419.582.166.666.660;762.0;BRUMADINHO;3;35460000;;;;
31;9006;25;2;RUA;;PARAOPEBA;;-4.412.173;750.0;SAO JOSE DO PARAOPEBA;3;35460000;;;;
31;9006;25;2;RUA;;JOAQUIM AUGUSTO RODRIGUES;SN;-44.118.655.000.000.000;778.0;SAO JOSE DO PARAOPEBA;3;35460000;;;;
31;9006;25;2;RUA;;JOAQUIM AUGUSTO RODRIGUES;;-4.410.952.163.888.880;765.0;SAO JOSE DO PARAOPEBA;3;35460000;;;;
31;9006;25;2;RUA;;JOAQUIM AUGUSTO RODRIGUES;;-4.411.092;769.0;SAO JOSE DO PARAOPEBA;3;35460000;;;;
31;9006;25;2;RUA;;JOAQUIM AUGUSTO RODRIGUES;;-4.411.060.663.888.880;770.0;SAO JOSE DO PARAOPEBA;3;35460000;;;;
31;9006;25;2;RUA;;JOAQUIM AUGUSTO RODRIGUES;;-4.411.190.663.888.880;750.0;SAO JOSE;3;35460000;;;;
31;9006;25;2;RUA;;JOAQUIM AUGUSTO RODRIGUES;;-4.411.228.997.222.220;762.0;SAO JOSE DO PARAOPEBA;3;35460000;;;;
31;9006;25;2;RUA;;PATROCINIO;;-4.411.784.166.666.660;756.0;SAO JOSE DO PARAOPEBA;3;35460000;;;;
31;9006;25;2;RUA;;CAETANO ALVES CAMPOS;;-4.410.915.666.666.660;776.0;SAO JOSE DO PARAOPEBA;3;35460000;;;;
31;9006;25;2;RUA;;SEM DENOMINACAO;SN;-4.412.177.833.333.330;752.0;SAO JOSE DO PARAOPEBA;3;35460000;;;;
31;9006;10;2;RUA;;FELICIANO PINTO BRANDAO;;-44.099.810.000.000.000;808.0;ARANHA;3;35460000;;;;
31;9006;10;2;AVENIDA;;A;;-4.409.804.166.666.660;830.0;ARANHA;3;35460000;;;;
31;9006;10;2;RUA;;H;;-44.102.428.305.555.500;817.0;ARANHA;3;35460000;;;;
31;9006;10;2;RUA;;SEM DENOMINACAO;SN;-4.409.689.663.888.880;818.0;ARANHA;3;35460000;;;;
31;9006;10;2;RUA;;SEM DENOMINACAO;SN;-4.409.573.163.888.880;810.0;ARANHA;3;35460000;;;;
31;9006;10;2;ESTRADA;;ARANHA A MARQUES;SN;-4.409.711.333.333.330;798.0;ARANHA;3;35460000;;;;
31;9006;25;2;ESTRADA;;CASINHA SENTIDO MARINHOS;SN;-44.081.743.333.333.300;824.0;GROTA DO MASSANGANO;3;35460000;;;;
31;9006;25;2;ESTRADA;;CASINHA SENTIDO MARINHOS;SN;-44.077.255;786.0;GROTA DO MASSANGANO;3;35460000;;;;
31;9006;25;2;ESTRADA;;CASINHA SENTIDO MARINHOS;SN;-4.407.598.333.333.330;797.0;CASINHA;3;35460000;;;;
31;9006;25;2;ESTRADA;;CASINHA SENTIDO MARINHOS;SN;-44.075.634.972.222.200;797.0;CASINHA;3;35460000;;;;
31;9006;25;2;ESTRADA;;CASINHA SENTIDO MARINHOS;SN;-4.407.667.330.555.550;869.0;CASINHA;3;35460000;;;;
31;9006;25;2;ESTRADA;;CASINHA SENTIDO MARINHOS;;-4.409.272.666.666.660;790.0;SAO JOSE DO PARAOPEBA;3;35460000;;;;
31;9006;25;2;ESTRADA;;DA FAZ BOA VITORIA A MACANGANO;SN;-44.106.728.333.333.300;768.0;MASSANGANO;3;35460000;;;;
31;9006;25;2;ESTRADA;;DA FAZ BOA VITORIA A MACANGANO;SN;-4.409.674.166.666.660;783.0;SAO JOSE DO PARAOPEBA;3;35460000;;;;
31;9006;25;2;ESTRADA;;ESTRADA A DIREITA DEPOIS DA PO;SN;-4.407.913.333.333.330;783.0;CASINHA;3;35460000;;;;
31;9006;25;2;ESTRADA;;ESTRADA A DIREITA DEPOIS DA PO;SN;-4.407.925.666.666.660;787.0;CASINHA;3;35460000;;;;
31;9006;25;2;ESTRADA;;ESTRADA PRINCIPAL PARA MARACUJ;SN;-4.411.239.830.555.550;770.0;MARACUJA;3;35460000;;;;
31;9006;25;2;ESTRADA;;FAZENDA BOA VITORIA PARA MASSA;SN;-4.411.300.163.888.880;764.0;SAO JOSE DO PARAOPEBA;3;35460000;;;;
31;9006;25;2;ESTRADA;;MELO FRACO PARA SAO JOSE DO PA;SN;-44.112.729.972.222.200;747.0;BANANAL;3;35460000;;;;
31;9006;25;2;ESTRADA;;MELO FRACO PARA SAO JOSE DO PA;SN;-4.411.354.666.666.660;773.0;TOCA DE CIMA;3;35460000;;;;
31;9006;25;2;ESTRADA;;TOCA PARA CORONEL EURIC0;SN;-4.411.490.997.222.220;761.0;TOCA;3;35460000;;;;
31;9006;25;2;ESTRADA;;TOCA PARA CORONEL EURIC0;SN;-4.410.309.663.888.880;784.0;CORONEL EURICO;3;35460000;;;;
31;9006;25;2;ESTRADA;;TOCA PARA CORONEL EURIC0;SN;-44.134.065;777.0;TOCA DE CIMA;3;35460000;;;;
31;9006;25;2;ESTRADA;;TOCA PARA CORONEL EURIC0;SN;-44.123.938.305.555.500;748.0;TOCA DE CIMA;3;35460000;;;;
31;9006;25;2;ESTRADA;;TOCA PARA SAO JOSE DO PARAOPEB;SN;-4.411.547;753.0;TOCA DE CIMA;3;35460000;;;;
31;9006;25;2;ESTRADA;;TOCA PARA SAO JOSE DO PARAOPEB;SN;-4.411.403.163.888.880;764.0;MARACUJA;3;35460000;;;;
31;9006;25;2;ESTRADA;;TOCA SENTIDO SAO JOSE DO PARAO;SN;-44.112.895;759.0;CHACARA;3;35460000;;;;
31;9006;25;2;ESTRADA;;TOCA SENTIDO SAO JOSE DO PARAO;SN;-4.411.069.330.555.550;783.0;CHACARA;3;35460000;;;;
31;9006;25;2;ESTRADA;;TOCA SENTIDO SAO JOSE DO PARAO;SN;-4.411.788.166.666.660;768.0;SAO JOSE DO PARAOPEBA;3;35460000;;;;
31;9006;25;2;ESTRADA;;TOCA SENTIDO SAO JOSE DO PARAO;SN;-44.128.908.305.555.500;755.0;TOCA DE CIMA;3;35460000;;;;
31;9006;25;2;ESTRADA;CORONEL;EURICO PARA BANANAL;SN;-44.104.035;816.0;CORONEL EURICO;3;35460000;;;;
31;9006;25;2;ESTRADA;CORONEL;EURICO PARA BANANAL;SN;-44.104.261.666.666.600;812.0;CORONEL EURICO;3;35460000;;;;
31;9006;25;2;ESTRADA;SAO;JOSE PARA MARINHOS;SN;-4.410.380.163.888.880;778.0;SAO JOSE DO PARAOPEBA;3;35460000;;;;
31;9006;25;2;ESTRADA;SAO;JOSE PARA MARINHOS;SN;-4.409.546.163.888.880;845.0;SAO JOSE DO PARAOPEBA;3;35460000;;;;
31;9006;25;2;ESTRADA;SAO;JOSE PARA MARINHOS;SN;-4.410.418.497.222.220;776.0;SAO JOSE DO PARAOPEBA;3;35460000;;;;
31;9006;25;2;ESTRADA;SAO;JOSE PARA MARINHOS;SN;-44.098.375.000.000.000;813.0;SAO JOSE DO PARAOPEBA;3;35460000;;;;
31;9006;25;2;ESTRADA;SAO;JOSE PARA MARINHOS;SN;-44.104.505;807.0;SAO JOSE DO PARAOPEBA;3;35460000;;;;
31;9006;25;2;ESTRADA;SAO;JOSE PARA MARINHOS;SN;-44.100.175;802.0;SAO JOSE DO PARAOPEBA;3;35460000;;;;
31;9006;25;2;ESTRADA;SAO;JOSE PARA MARINHOS;SN;-44.094.805;811.0;SAO JOSE DO PARAOPEBA;3;35460000;;;;
31;9006;25;2;ESTRADA;SAO;JOSE PARA MASSANGANO;SN;-4.411.146.166.666.660;785.0;SAO JOSE DO PARAOPEBA;3;35460000;;;;
31;9006;25;2;ESTRADA;SAO;JOSE PARA MASSANGANO;SN;-4.410.210.166.666.660;793.0;COQUEIRO DE ESPINHO;3;35460000;;;;
31;9006;25;2;ESTRADA;SAO;JOSE PARA MASSANGANO;;-44.089.995;823.0;GROTA DO MASSANGANO;3;35460000;;;;
31;9006;25;2;ESTRADA;SAO;JOSE PARA MASSANGANO;SN;-44.104.393.333.333.300;776.0;SAO JOSE DO PARAOPEBA;3;35460000;;;;
31;9006;25;2;ESTRADA;SAO;JOSE PARA MASSANGANO;SN;-4.410.526.663.888.880;753.0;SAO JOSE DO PARAOPEBA;3;35460000;;;;
31;9006;25;2;RUA;;2;SN;-4.408.305.997.222.220;781.0;MASSANGANO;3;35460000;;;;
31;9006;25;2;RUA;;DO OURO;SN;-4.411.850.833.333.330;789.0;SAO JOSE DO PARAOPEBA;3;35460000;;;;
31;9006;25;2;RUA;;DO OURO;SN;-44.113.325;813.0;SAO JOSE DO PARAOPEBA;3;35460000;;;;
31;9006;25;2;RUA;;DO OURO;SN;-4.411.537.830.555.550;843.0;SAO JOSE DO PARAOPEBA;3;35460000;;;;
31;9006;25;2;ESTRADA;;MARINHOS A MOEDA;SN;-44.089.848.333.333.300;858.0;MARINHOS;3;35460000;;;;
31;9006;25;2;ESTRADA;;MARINHOS A MOEDA;SN;-4.407.753.330.555.550;781.0;CASINHA;3;35460000;;;;
31;9006;5;1;ESTRADA;;DE TERRA;SN;-4.414.510.166.666.660;;TEJUCO;3;35460000;;;;
31;9006;5;1;ESTRADA;;DE TERRA TEJUCO;SN;-4.417.357.333.333.330;;TEJUCO;3;35460000;;;;
31;9006;5;1;RUA;;DE TERRA DO PASTORINHA;SN;-4.417.473.497.222.220;;TEJUCO;3;35460000;;;;
31;9006;5;1;RUA;;DE TERRA DO PASTORINHA;SN;-4.417.520.663.888.880;;TEJUCO;3;35460000;;;;
31;9006;5;1;RUA;;DE TERRA DO PASTORINHA;SN;-44.174.593.305.555.500;;TEJUCO;3;35460000;;;;
31;9006;5;1;RUA;;DE TERRA DO PASTORINHA;SN;-44.174.776.638.888.800;;TEJUCO;3;35460000;;;;
31;9006;5;1;RUA;;DE TERRA DO PASTORINHA;SN;-44.175.374.999.999.900;;TEJUCO;3;35460000;;;;
31;9006;5;1;RUA;;DE TERRA DO PASTORINHA;SN;-44.174.205;;TEJUCO;3;35460000;;;;
31;9006;5;1;RUA;;DE TERRA DO PASTORINHA;SN;-44.175.158.305.555.500;;TEJUCO;3;35460000;;;;
31;9006;5;1;RUA;;DE TERRA DO PASTORINHA;SN;-4.417.592.663.888.880;;TEJUCO;3;35460000;;;;
31;9006;5;1;RUA;;DE TERRA DO PASTORINHA;SN;-44.174.821.638.888.800;;TEJUCO;3;35460000;;;;
31;9006;5;1;RUA;;DE TERRA DO PASTORINHA;SN;-4.417.612.833.333.330;;TEJUCO;3;35460000;;;;
31;9006;5;1;RUA;;DE TERRA DO PASTORINHA;SN;-4.417.579.330.555.550;;TEJUCO;3;35460000;;;;
31;9006;5;1;RUA;;UM;;-4.411.420.997.222.220;;CORREGO DO FEIJAO;3;35460000;;;;
31;9006;5;1;RUA;;UM;SN;-44.174.033.333.333.300;;TEJUCO;3;35460000;;;;
31;9006;5;1;RUA;;UM;SN;-4.416.811;;CORREGO FUNDO;3;35460000;;;;
31;9006;5;1;RUA;;DE CALCAMENTO;SN;-4.417.184.666.666.660;850.0;TEJUCO;3;35460000;;;;
31;9006;5;1;RUA;;DE CALCAMENTO;;-4.420.303.333.333.330;778.0;BRUMADINHO;3;35460000;;;;
31;9006;5;1;RUA;;MARIA CALDAS;;-44.157.626.638.888.800;;TEJUCO;3;35460000;;;;
31;9006;5;1;RUA;;MARIA CALDAS;SN;-4.416.358.997.222.220;774.0;TEJUCO;3;35460000;;;;
31;9006;5;1;RUA;;MARIA CALDAS;SN;-4.415.705.830.555.550;731.0;TEJUCO;3;35460000;;;;
31;9006;5;1;ESTRADA;;SERRADAO;SN;-44.152.058.305.555.500;;TEJUCO;3;35460000;;;;
31;9006;5;1;RODOVIA;;MG 040;SN;-4.416.088.997.222.220;746.0;TEJUCO;3;35460000;;;;
31;9006;5;1;RODOVIA;;MG 040;KM;-4.416.759.997.222.220;736.0;BRUMADINHO;3;35460000;;;;
31;9006;5;1;RUA;;RUMIAN;;-44.188.831.666.666.600;722.0;BRUMADINHO;3;35460000;;;;
31;9006;5;1;RUA;;DE TERRA;SN;-4.406.164.333.333.330;;CASA BRANCA;3;35460000;;;;
31;9006;5;1;RUA;;SEIS;SN;-4.418.055.830.555.550;;TEJUCO;3;35460000;;;;
31;9006;5;1;RUA;;SEIS;SN;-4.418.049.830.555.550;;TEJUCO;3;35460000;;;;
31;9006;20;2;RUA;;RIO PAROPEBA;;-44.023.716.638.888.800;;PIEDADE DO PARAOPEBA;3;35460000;;;;
31;9006;5;2;AVENIDA;;ESTRADA MUNIPAL BRUMADINHO ARA;SN;-44.182.455;;BRUMADINHO;3;35460000;;;;
31;9006;5;2;ESTRADA;;DO TEJUCO;;-4.418.512;;BRUMADINHO;3;35460000;;;;
31;9006;5;2;ESTRADA;;MUNICIPAL BRUMADINHO ARANHA;KM;-4.417.312.997.222.220;780.0;ALBERTO FLORES;3;35460000;;;;
31;9006;5;2;ESTRADA;;MUNICIPAL BRUMADINHO ARANHA;SN;-4.417.939.497.222.220;745.0;ALBERTO FLORES;3;35460000;;;;
31;9006;5;2;ESTRADA;;MUNICIPAL BRUMADINHO ARANHA;SN;-4.417.653.333.333.330;;BRUMADINHO;3;35460000;;;;
31;9006;5;2;ESTRADA;;MUNICIPAL BRUMADINHO ARANHA;SN;-4.416.623.163.888.880;727.0;BRUMADINHO;3;35460000;;;;
31;9006;5;2;ESTRADA;;MUNICIPAL BRUMADINHO ARANHA;;-44.165.531.666.666.600;734.0;ALBERTO FLORES;3;35460000;;;;
31;9006;5;2;ESTRADA;;MUNICIPAL BRUMADINHO ARANHA;SN;-4.418.767;789.0;BRUMADINHO;3;35460000;;;;
